name,description,price,gram,category,image,
Куринный сет,"(Наггетсы, кур, голень, кур. крыл., кур. рулет., соус барбекю)",1000,, Холодные закуски,https://shik-shik.com/wp-content/uploads/2020/12/izobrazhenie_viber_2020-11-27_14-31-42.jpg,
Стейк из семги,,750,,Вторые блюда из рыбы,https://www.gastronom.ru/binfiles/images/20211130/bf6602b7.jpg,
Филе из форели,,370,,Вторые блюда из рыбы,https://i.lefood.menu/wp-content/uploads/w_images/2022/01/recept-30469-620x413_w.jpg,
Форель радужная,,460,,Вторые блюда из рыбы,https://recipe-catalog.ru/wp-content/uploads/2017/11/rainbow-trout-in-the-foil.jpg,
Семга под икорным соусом,,480,,Вторые блюда из рыбы,https://ist.say7.info/img0008/93/893_0193br3_0853_1024.jpg,
Рибай,,550,,Вторые блюда из говядины,https://www.kulina.ru/images/art/47581.jpg,
Т-бон стейк,,550,,Вторые блюда из говядины,https://www.steak.ee/338ior.jpg?key=330d35b84ebb42fa9d37e65f1c5bacc3,
Нью йорк стейк,,400,,Вторые блюда из говядины,https://www.steakhome.ru/upload/iblock/a6f/a6fc538f39d05e73b3985723f33e0784.jpg,
Медальоны с оващами гриль,,480,,Вторые блюда из говядины,https://cdn.foodpicasso.com/assets/2021/08/25/407e435b469e6882e7ff52a9effd9e0d---jpg_1000x_103c0_convert.jpg,
"Курица в соусе ""Карри"" с рисом",,370,,Вторые блюда из курицы,https://alimero.ru/uploads/images/20/74/56/2019/05/24/7baada.jpg,
Баранина кебаб со сливочным соусом,,370,,Вторые блюда из баранины,https://img.iamcook.ru/old/upl/recipes/cat/u-1a8b0c34787e5e9ea0e70b41899cf66d.jpg,
Стейк из баранины,,450,,Вторые блюда из баранины,https://static.1000.menu/img/content/28880/steik-iz-baraniny_1538226183_1_max.jpg,
Бараньи ребрышки с овощами,,480,,Вторые блюда из баранины,https://market.vseokoree.com/images/product/15707100270049.jpg,
Дуэт из телятины и курицы с оващими,,450,,Вторые блюда из говядины,https://pojrem.ru/img2/k-1618-00.jpg,
Телятина толедо,,390,,Вторые блюда из говядины,https://nambafood.kg/dish_image/150329.png,
Ребрышки,,400,,Вторые блюда из говядины,https://e0.edimdoma.ru/data/recipes/0008/0452/80452-ed4_wide.jpg?1628793992,
Куриные отбиваные под сыром,,340,,Вторые блюда из курицы,https://static.1000.menu/img/content/28923/kurinye-otbivnye-s-syrom-v-duxovke_1538302173_10_max.jpg,
Фарш грудко со шпинатом и сыром,,350,,Вторые блюда из курицы,https://cdn.lifehacker.ru/wp-content/uploads/2021/11/49_1636992483-scaled-e1636992539507-1280x640.jpg,
Цыпленок табака,,380,,Вторые блюда из курицы,https://img1.russianfood.com/dycontent/images_upl/353/big_352829.jpg,
Куриные медальоны,,340,,Вторые блюда из курицы,https://nyamkin.ru/images/recepts/medium/5ea1ca7e3577c.jpg,
Охотничий сет,"(колб,кур,телят,баран,охот,соусБарб.)",900,, Холодные закуски,https://family-place.vn.ua/uploads/5d5fdc9918144.jpg,
Ассорти погребок,"(селед,шпроты,корниш,черри,опята,грузди,кваш,кап,карт,клинья,лук реп,хлеб бородинский)",830,, Холодные закуски,https://navat.kg/dostavka/files/products/zakuska-pogrebok.800x600w.jpg,
Наггетсы,,300,, Холодные закуски,https://bakeitwithlove.com/wp-content/uploads/2021/05/Air-Fryer-Chicken-Nuggets-sq.jpg,
Погребок,"(Маррин,опята,помид,черри,патис,корниш,кукур,початки,грузди,лист.салата)",380,, Холодные закуски,https://i1.wp.com/appetito.by/wp-content/uploads/2018/04/BABUSHKINY-SOLENYA.png,
Сельдь по русски,"(Сельдь,карт.,Корниш.,Лук репч., Черри помид)",350,, Холодные закуски,https://butiksarov.ru/image/cache/catalog/6.%20%D0%97%D0%B0%D0%BA%D1%83%D1%81%D0%BA%D0%B8%20%D1%84%D1%80%D0%B8/%D0%A5%D0%BE%D0%BB%D0%BE%D0%B4%D0%BD%D1%8B%D0%B5/%D1%81%D0%B5%D0%BB%D1%8C%D0%B4%D1%8C-500x500.jpg,
Рулет из баклажана,"(Бакл.., Брынза,Помидю,Огурцы)",370,, Холодные закуски,https://rutxt.ru/files/6634/original/035c26a3b5.JPG,
Рулет с кабачками,"(Кабачки.,Брынза,помид,огурцы.)",370,, Холодные закуски,https://static.1000.menu/img/content/28996/rulet-iz-kabachkov-s-pomidorami_1539181411_2_max.jpg,
Сырные палочки,"(Голландский сыр,медово горчичный соус)",360,, Холодные закуски,https://cdn.lifehacker.ru/wp-content/uploads/2019/12/shutterstock_1154255068_1577700632-e1578638356632-1280x640.jpg,
"Ассорти ""Национальное""","(Чучук,казы-карта,конина,зелень,черри)",1050,, Холодные закуски,https://dostavka-navat.kz/files/products/assorti-nacionalnoe.800x600w.png,
"Ассорти ""Русалочка""","(Скумбрия,эсколар,семга,лимон,тарталетки,твор.сыр,икра)",1050,, Холодные закуски,https://nambafood.kg/dish_image/77948.png,
"Ассорти ""Европейское""","(Мясн.рулет,курин.рулет,язык,бастурма)",700,, Холодные закуски,https://market.vseokoree.com/images/product/1582915043.jpg,
"Ассорти ""Кавказское""","(Помид.свежие,огур.,болг.перец,киназа,зелен.лук,брынза)",380,, Холодные закуски,https://golpas.cafe/uploads/2018/10/k69a0347.jpg,
Деревенский,"(Курин,груд,,огурцы,сыр,тильз.,опята марин.,яйцо,кукуруза)",360,250,Салаты с майонезом,https://i.ytimg.com/vi/1IwGOAUzDwE/maxresdefault.jpg,
Лора,"(Куриная грудка,ананас,сыр тильзитский,опята марин.,яйца)",360,250,Салаты с майонезом,https://img.povar.ru/mobile/9e/ab/9f/3e/salat_lora_s_baklajanami-756594.JPG,
Грибной,"(Кур.груд.,жар.вешенки,шампиньоны,помид.,сельд.)",340,250,Салаты с майонезом,https://cdn.lifehacker.ru/wp-content/uploads/2019/11/7_1574415972-e1574415999301-630x315.jpg,
Оливье,"(Доктор.колбоса халал,огурц.марин.,яйцо,картофель,морковь,зеленый горох)",260,250,Салаты с майонезом,https://www.gastronom.ru/binfiles/images/20201125/b9d2e6d3.jpeg,
Луна,"(Свекла,сыр голанск.,майон.,сыр пармезан,чеснок)",320,250,Салаты с майонезом,https://gotovim-doma.ru/images/recipe/b/41/b41104385fba5e894902de571ef1e553.jpg,
Фкуктовый салат,"(Соус,яблок.,апельс.,киви виногр.,гран.,мед,миск.салат)",340,250,Салаты с майонезом,https://art-lunch.ru/content/uploads/2021/12/fruktovyi-salat-001.jpg,
Салат чернослив,"(Мясо жарю,чернос.,перец болг., чери,микс сал.,песто соус)",350,250,"Салаты с растительным маслом
",https://topfood.club/assets/cache_image/uploads/recipes/2022-08-13-wj8b6i-salat-s-utinoy-grudkoy-chernoslivom-i-sirom-bri_756x0_62c.jpg,
Улуу тоо,"(Сырная корзина,цветная капуста в кляре,семга,лук,черри,микс салат,перец болг.,кукур)",395,250,Салаты с растительным маслом,https://nambafood.kg/dish_image/108609.png,
Свекольный,".(Свекла,морковь,орех грецкий,картофель,мясо,шампиньоны)",330,250,Салаты с майонезом,https://zira.uz/wp-content/uploads/2021/07/svekolnyy-salat.jpg,
Мясо с грибами,"(Яйцо,мясо жар.,веш.жар. цезарь соус,парм.,)",350,250,Салаты с майонезом,https://s1.eda.ru/StaticContent/Photos/111021125327/170323195001/p_O.jpg,
Клеопатра,"(Отв.гов.,мясо,огурцы свежие,лук репчатый, яйцо отварное,горох,картофель)",350,250,Салаты с майонезом,https://static.1000.menu/img/content/13312/salat-kleopatra-s-kuricei-i-krabovymi-palochkami_1433612208_1_max.jpg,
Мужской каприз,"(Язык,свежие огурцы,марин.огурцы,омлет,огурцы черри зелень,сметана)",360,250,Салаты с майонезом,https://hochu-gotovit.ru/wp-content/uploads/2020/01/muzhskoj-kapriz-1.jpg,
Ряба,"(Копченая утиная грудка,вешенки,яица,кур,сыр голандский,мойонез)",360,250,Салаты с майонезом,https://www.koolinar.ru/all_image/recipes/22/22572/recipe_723d678e-210d-4cb9-adbf-87a6cbe8adb6.jpg,
Цезарь с курицей,"(Айсберг,черри,кур.грудка,сыр парм.,соус цезарь)",390,250,Салаты с майонезом,https://www.cookeranna.ru/wp-content/uploads/2017/03/IMG20211101150416-01.gif,
Мозайка,"(Брокк.,коп груд.,цвет.кап.,пом,шпин.,кукур.,лук жарен.,перец болг.,сливки)",360,250,Салаты с майонезом,https://www.1001eda.com/wp-content/uploads/2013/05/237_03_05_2013_419.jpg,
Гасконский,"(Копчен.окорочка,огурцы,сыр голанд.,яйца,зел.лук,майонез)",360,250,Салаты с майонезом,https://globus-online.kg/upload/iblock/859/8593c7b4a1f43f7c6beebdaa8f2a6cfd.png,
Аяши запеченный ,"(рис, омлет, краб, майонез, сыр, гауда, имбирь, васаби, масаго, оранжевый, соевый соус)",220,,Роллы,https://sushiwok.kg/img/80d636f6e75ca9be8976e222aee620ca,
Чиккенспайс ходолный ,"(рис,  сливочный сыр, огурец, микс кунжут, имбирь, васаби, соевый соус)",200,,Роллы,https://static.tildacdn.com/tild3931-6666-4265-a632-373535336639/photo.jpg,
 Филодельфия,"(рис,  сливочный сыр, огурец, ласось, имбирь, васаби, соевый соус)",230,,Роллы,https://static.insales-cdn.com/images/products/1/38/197337126/350%D1%80%D0%BE%D0%BB%D0%BB_%D0%A4%D0%B8%D0%BB%D0%B0%D0%B4%D0%B5%D0%BB%D1%8C%D1%84%D0%B8%D1%8F.jpg,
Ролл сырный запеченный ,"(рис, нори, сливочный сыр,айсберг салат, кура су, майонез сыр пармизан, унаги соус, имбирь, васаби, соевый соус)",220,,Роллы,https://sushitime.club/image/sushitime/cache/catalog/2021/hot_roll/Fudziyama%20losos-500x350.png?v=1626333375,
Запеченный Флорида,"(рис, нори, слив сыр, омлет краб, яки соус, имбирь, васаби, соев соус)",270,,Роллы,https://restbrunch.ru/images/products/mid/117_gor.jpg?t=1502113763,
Калифорния темпура ,"(рис, красн, масаго, огур, авокадо, унаги, имбирь, васаби, соев соус)",270,,Роллы,https://kustanas.com/wp-content/uploads/2020/12/kaliforniya-tempura-rolly-zakazat-v-kafe-kustanas.jpg,
Элитный ,"(Язык, памидоры, вешенки, перец, зелень, масло)",370,250,Салаты с растительным маслом,https://rutxt.ru/files/3593/original/a5e825338e.jpg,
Салат из море продуктов ,"(Криветки, кальмары, руккколы, лист салата, черри, масло)",420,250,Салаты с растительным маслом,https://gotovim-doma.ru/images/recipe/9/3b/93bfb56166152094b4ea082fb686a917.jpg,
Свежый ,"(огур, памид, лук, перец, болг, зелень)",240,250,Салаты с растительным маслом,https://menunedeli.ru/wp-content/uploads/2022/06/9D977CE7-4542-48BE-88DA-4B8D10F0950B-1200x900.jpeg,
Элита ,"(Бон-филе, лоло, россо, руккола, шпинат, черри, соус бальзамик)",390,250,Салаты с растительным маслом,https://food.pibig.info/uploads/posts/2023-03/thumbs/1677665307_food-pibig-info-p-salat-goryachii-s-govyadinoi-i-ovoshchami-18.jpg,
Симона,"(спаржа, морк., перец болг. Зел., зелень специи)",320,250,Салаты с растительным маслом,https://encrypted-tbn0.gstatic.com/images?q=tbn:ANd9GcQBUwPRXfNAqzAJFHVC-_YcrxhmUL9eTdFk_6dBEkCjoxZ7_M-G,
Моника,"(отв.Мясо,Помидор, чернослив, вяленный орахис, корнишон, болг перец зеленый лук, кукур, початки)",350,250,Салаты с растительным маслом,https://encrypted-tbn2.gstatic.com/images?q=tbn:ANd9GcT5IzqYqR-NhfWiCMEyazD7O6SZunC424BzHE56UrPTA5OppgVQ,
Весенний,"(цветная капуста,брокколи, помидор, гов мясо, лист салата, кунжутное масло)",350,250,Салаты с растительным маслом,https://encrypted-tbn1.gstatic.com/images?q=tbn:ANd9GcQUQY5k9yFl9sTFR3G-62dFxDsl7eG8EOkHMTUkausy74GTwlil,
Адеми,"(мясо гов, помидор, кукурузные початки, корнишоны, зеленый горох, раст масло, омлет,опята марин)",340,250,Салаты с растительным маслом,https://encrypted-tbn1.gstatic.com/images?q=tbn:ANd9GcSDBA8Zq8aQSUdjc7g3ob93O13hlpU-BZMSIysloLEzxhszLOOC,
Курица с Шампиньонами,"(отвар окорочка,шамп-марин, помидор, горчица, лист сал, растит-масло)",330,250,Салаты с растительным маслом,https://encrypted-tbn0.gstatic.com/images?q=tbn:ANd9GcS462LMXJsWk7SXLbbCzVaPsfpiY7aQeGdf8rYLmTXwfmNK4e68,
Греческий,"(огур., помид., олив., масл., перец болг.,лук шалот, зел.)",350,250,Салаты с растительным маслом,https://encrypted-tbn2.gstatic.com/images?q=tbn:ANd9GcTg7fg3iWr-LksH7b0sCOjeKWjf5k6hA1p-qc81ZekxLMb6JQJR,
Дымдама,,1550,1000,Общие блюда,https://encrypted-tbn0.gstatic.com/images?q=tbn:ANd9GcQF_RfN0cq2Jo4adB-MnMp4q9Qdi0lo2s1vrOiljPbYBFigQPzv,
Пирожок,,1450,1000,Общие блюда,https://encrypted-tbn3.gstatic.com/images?q=tbn:ANd9GcQdBQbhgmYD2pMQBhbkd1OdUsxoWznYedXM0tfTJc2j8YJzb6It,
Пирожок из курицы,,1700,1500,Общие блюда,https://encrypted-tbn0.gstatic.com/images?q=tbn:ANd9GcT3jHwiMf7JBH0SCnLOglC59IR29fl3_Mp2dq2d_jeiiu_Qrxhw,
Пирожок спец заказ,,2800,2000,Общие блюда,https://nambafood.kg/dish_image/135559.png,
Запеченная баранья ножка в тесте ,"(овощи на гриле, овощи припушенные с изюмом)",5000,4000,Общие блюда,https://encrypted-tbn2.gstatic.com/images?q=tbn:ANd9GcRcsI-2MFjlx-xSf6DgcMPbG13LElixAHoYpeXus5NOZy3mcQ1w,
Восточная сказка,"(бар голень, бар ребрышки, кур крылышки, перепилка, овощина гриле)",4600,4000,Общие блюда,https://encrypted-tbn3.gstatic.com/images?q=tbn:ANd9GcRqJZY9iwjfXzqZGb0HE0BVtH_R6fE4ebuCstVR8BawldY_zoYO,
Мясной сет по кавказский на 7 персон,"(7 ребрышек из баранины, 7 медальонов, 7 стейков из антрекот, 7 крылышек по арабский, сырно-овощной рулет из лаваша, соус)",4000,,Общие блюда,https://encrypted-tbn1.gstatic.com/images?q=tbn:ANd9GcQXGQDLa7cD8wmt3fXDr4Z1gHe_zMgylLI8LBMOFlRLcvTozpEB,
Плов фирменный,"(ноокот, изюм, перепилиные яица)",2200,1000,Общие блюда,https://encrypted-tbn1.gstatic.com/images?q=tbn:ANd9GcSbbECOG_bJ5ve40YMX1KP3jobBoRyVnLB3cvI9wIybbz2cC7Hd,
Беш бармак,,1950,1000,Общие блюда,https://encrypted-tbn0.gstatic.com/images?q=tbn:ANd9GcQQrEnfmKKX0PfdXqpDI5DrVm6p5mCT6Kv5IUyo-uQXVSF3050u,
Ассорти улуу тоо на 10 чел,"(бар голень, баран стейк, тибон стейк, цыпленок табака, рибай стейк, бар ребрышки, ньюйорк стейк, кур крылышки, кур голень,перепелка, переп яицо, овощи на гриле)",6000,5500,Общие блюда,https://encrypted-tbn3.gstatic.com/images?q=tbn:ANd9GcT8RBnpE-mXmYshAXKBe-kbH5D5jKX_92PrickfjAifHqgAbKqx,
Мясное ассорти (на 10 чел.) ,"(тибон стейк, рибай стейк, бар ребрышки, бон филе, кур крылышки, утиная грудка, овощи на гриле)",6200,5000,Общие блюда,https://encrypted-tbn0.gstatic.com/images?q=tbn:ANd9GcQBeSyHwIEtj8j3wXyk9sadTpxpxoNF4bccPiJK9M_AQZq6N4an,
Курица запеченная,,1050,,Банкетные блюда,https://encrypted-tbn2.gstatic.com/images?q=tbn:ANd9GcRpefrA-8QXVNHKjG3g7QoYVNtPMUAslUNgT73u2YUplVlno5-D,
Форель,,1550,,Банкетные блюда,https://encrypted-tbn1.gstatic.com/images?q=tbn:ANd9GcSD7pcsyL73L1uFlhwmH50whIzll5gg0YZbnyeazEUM717NnQ5V,
Кок тал из форели,,1900,,Банкетные блюда,https://encrypted-tbn3.gstatic.com/images?q=tbn:ANd9GcRlj4823xGHsex9u_z81SQGKr2CTcsSn0atreTuZaY_5FRdbCyv,
Горбуша,,1400,,Банкетные блюда,https://encrypted-tbn1.gstatic.com/images?q=tbn:ANd9GcSD7pcsyL73L1uFlhwmH50whIzll5gg0YZbnyeazEUM717NnQ5V,
Суп от шефа,,230,,Первые блюда,https://encrypted-tbn3.gstatic.com/images?q=tbn:ANd9GcTb0035VltkBfw0McEc3Udpae_uOeKgVd6buzRLFVbkXduh5r4z,
Суп улуу тоо,,240,,Первые блюда,https://encrypted-tbn1.gstatic.com/images?q=tbn:ANd9GcSV42cNtWKZD3BhugkWO2776gjrD_-8cx4imGakZ92vdDEesBx6,
Шорпо баранина,,260,,Первые блюда,https://encrypted-tbn3.gstatic.com/images?q=tbn:ANd9GcSKKJNJD_FqeXDgwc_IsUSQcqnvUogw3ehKNNOWT_StW0J_i8ZV,
Суп восточный,,210,,Первые блюда,https://encrypted-tbn2.gstatic.com/images?q=tbn:ANd9GcT0p6fO-ibEV2Z7MTpWe0NO-RW4KZTXvRYHbD12eKig1axiBCma,
Чечевичный,,160,,Первые блюда,https://encrypted-tbn3.gstatic.com/images?q=tbn:ANd9GcSOxeRJxTICqd53FJ5G4aTeNot9qtb9nO_GaVH7mg4_UE5tSoYS,
Грибной крем суп,,160,,Первые блюда,https://encrypted-tbn1.gstatic.com/images?q=tbn:ANd9GcQ6cXrSYi0Lne7O8Ilp5zn4rt5g1bmKHM0shNu20IxzUpr-mzcf,
Шорпо говядина,,260,,Первые блюда,https://encrypted-tbn3.gstatic.com/images?q=tbn:ANd9GcQQcDkIml9ISphXbP--13Nt_2ajTZ4zccC7cQsxJwHq6vboTlsS,
Фрикадельки,,220,,Первые блюда,https://encrypted-tbn1.gstatic.com/images?q=tbn:ANd9GcT1fBF7wvUCQR97fvQZbuuxbrqq7Ki_OmQJfzR0p2Cc39Eg70Ul,
Суп озгочо,,200,,Первые блюда,https://encrypted-tbn3.gstatic.com/images?q=tbn:ANd9GcQ6RDOo4H0Mt_J6dcm9dGjJJLlJThzXKJWInVGP1l5nTyre4ifL,
Мампар,,200,,Первые блюда,https://encrypted-tbn0.gstatic.com/images?q=tbn:ANd9GcT64yxbNzbA8NLq8R0JJWGbH5Bkyc_s7M2UIdLHJ-j3g8RNKZ99,
Бамбук,"(Бас., шпин.,бамб., черри, морк,слад. Чил.Соус)",360,250,Острые салаты (с соевым соусом),https://encrypted-tbn1.gstatic.com/images?q=tbn:ANd9GcTrqZz8OpFZZfy2a5FLA2aDk-7wwwB-8kGyd4pmfANu9EWe11Ow,
Фунчеза,"(корей. Фунчеза, пер. Болг., мясо, лук, морковь, сельдерей)",310,250,Острые салаты (с соевым соусом),https://encrypted-tbn0.gstatic.com/images?q=tbn:ANd9GcSFboHwUyAAOO4NxuAE0TcTZ22qYhBMs9GGTT3_KKIjoSgk9-1C,
Хоргос,"(мясо гов., перец, огур. Св., лук, соевый соус)",370,250,Острые салаты (с соевым соусом),https://encrypted-tbn3.gstatic.com/images?q=tbn:ANd9GcSKyaGgV4yDpvkaZu9nDYWbWO5vef7MeCHD-jrxwuxhgzTPgBL6,
Жаренные баклажаны,"(баклажаны жаренные, помидоры, соус, зелень)",340,250,Острые салаты (с соевым соусом),https://encrypted-tbn1.gstatic.com/images?q=tbn:ANd9GcRqZFJ4W4Zn4NWhgTY39J_YkVrdSDqh_gIV06RsUOXrLwT8cYP4,
Салат с языком,"(отварной язык, огурцы, помидор, лук, кинза, соевый соус)",360,250,Острые салаты (с соевым соусом),https://encrypted-tbn1.gstatic.com/images?q=tbn:ANd9GcRlafbBR7FFrNo520qhR--2kt9pEigUomFIj7vFHrr5t8VyD07-,
Какаду,"(жар. Гов. Мясо, морковь, огурцы, стручковый фасоль, болг. Перец).",360,250,Острые салаты (с соевым соусом),https://encrypted-tbn2.gstatic.com/images?q=tbn:ANd9GcTWeSr-89FDtkck_0oIwp4cR7lE3wNE1rhuw5CJWp_TRKCPlQfW,
Улуу тоо фирменное,"(жареные мясо, тефтели, фаршированное мясо в яйцо, овощи.Шашлыки,капусте, тыква,)",3700,2000,Общие блюда,https://encrypted-tbn2.gstatic.com/images?q=tbn:ANd9GcRHblr_QOTUH5FNeje3EG07ixdEoYMG2nqlN_oCyZwVfYZz45tv,
Пицца куриная,,400,400,Детское меню,https://encrypted-tbn0.gstatic.com/images?q=tbn:ANd9GcR6Gd8zn4MfABZ5zNIR6PSgYAzVJMwKlN44mVn4xXRKARwSJjkP,
Пицца маргарита,,400,400,Детское меню,https://encrypted-tbn1.gstatic.com/images?q=tbn:ANd9GcTgZw_HjlCSJtR6lABXLaixvM-vDRgii9i19UmDBvIsasVjEyFu,
Крылышки 3шт,,170,,Детское меню,https://encrypted-tbn0.gstatic.com/images?q=tbn:ANd9GcTg-05cDoduK61tgRzqsseFhBXWhgdKApr2FcGexsl5WSC1ldji,
Сосиски 3шт ,,160,,Детское меню,https://encrypted-tbn3.gstatic.com/images?q=tbn:ANd9GcTK_KzPaOg240PHdo0Uw8ldH65DAn4xq2vJmvt3FFwpUhYo9T2v,
Пицца мясная,,400,400,Детское меню,https://encrypted-tbn1.gstatic.com/images?q=tbn:ANd9GcQ14KYi5Bw8eLs5_2i4GQRbyNZmFqzUEu03q-zpU6qG9u3j1R3M,
Пицца пепперони,,410,400,Детское меню,https://encrypted-tbn1.gstatic.com/images?q=tbn:ANd9GcRAlZz6Jj3euDc_aU7b_7GB9a7C52gNrYMa-J3bK8777e7FF0jZ,
Чай зеленый,,55,,Горячие напитки,https://encrypted-tbn0.gstatic.com/images?q=tbn:ANd9GcT_ckRgQpGfsrI_34l5Xndg0psi1NBqgUlvTV0Nsuapt02BDTJXkIs9YNiAMieIMfaF79M&usqp=CAU,"data:image/jpeg;base64,/9j/4AAQSkZJRgABAQAAAQABAAD/2wCEAAoHCBUVFBcUFBQXGBcZGRoZGRoaHB0gHRkZGhoaHRohIhojICwjIB4pHhcYJDYkKS0vMzMzGSI4PjgyPSwyMy8BCwsLDw4PHhISHjIpIykyMjIyMjIyMjQyMjIyMjIyMjIyMjI0MjQyMjIyMjIyMjIyMjIyMjIyMjIyMjIyMjIyMv/AABEIALUBFgMBIgACEQEDEQH/xAAcAAABBQEBAQAAAAAAAAAAAAAFAAIDBAYBBwj/xABEEAACAQIEAwUFBAgFAwQDAAABAhEAAwQSITEFQVETImFxgQYykaGxQsHR4RQVI1JicoLwBzOSsvEWQ9JTc6LCNERj/8QAGQEAAwEBAQAAAAAAAAAAAAAAAQIDAAQF/8QAKREAAgIBBAEDAwUBAAAAAAAAAAECESEDEjFBUQQTkSJhcRQyQoHRof/aAAwDAQACEQMRAD8A8fFdYVya621ExHTlrldWsY7TSKdNWLGBuP7lu43kpPzisYq10GjNr2Xxj+7hn+A/GrK+xOOP/YI8zQtB2sAVyj59jcaNOzHlmFMf2Sxo/wD12PkVP30u6PkO2XgBUqv4jg+It+/YuL/SfuqiRBg6Hxpk7FFXabNKaJh0UqU0prGFNKlUuFsG46oCASYk7AcyfADWsYYgJIABJOwGpPkKnxODu2/8y3cT+dGX6gV6dwHHYPAhextF7g9684AznnEmcuuwgVp/+urN0Nbu27dwEEFZmQeWo+dLuQWqPAjXAa0/tbgbGY3cKnZpPetzITUgQfMHTyNZiKKaatGaadMVKaVKiAU0iaUUc4dewkBLlhnle82bKQ3UGg3QUrAc0prTY/2SZUR7NztDcOlvKQwB8ToYoLxLhd2wxS4hBEAnlJ5T1rJphcWuSmTSpRSoij7bwQa1WC9oVtW0W2gTcPBPfB/eH7wOs1kqKcJwdu4QGuZXGuU6Kw6A9YpJKxoumP8AaLiRxFwXG3ygH0oOVrYcV4Ph0wjXPcvAqQJkEHcRttrWQox4NNZOUqRpUwo2lXBXaxjiiTAo3w7hSsmdldvAaKPWhOGXc9B9dK0/Di/YjI8A+8p1E/UUshoj8BxS3hzK4a0x5ZtYojc/xExgGW2tm0P4LevxJj5UGOEV9CQp8xHzp36hY6q6n4fjSN0NtJb3tbjnMnEP6BR9BVC7x/FNviLv+o1P+qHG7KPOatcM9jr+IJ7J7Wm+Zwv1pVO3RTY0rx8gVsdcJJNxieuY05OKXl2u3B5O341qh/hljPtXMMvndFSj/DVh/mcQwSedyfvFNtvoXd9zPWvabFLteY+Zn61bX2l7QZcRYtXQeZXK3xFFf+kOH2v87i9snpaQufkTQ7iOE4emmGa/dYHUuqqD5Df5VtoHKwFxrCIpD2kKo2oUmY8jQg0d4jjM+W2ECBJGm8+JoGRTxJvkQNOmuRXYpgColwEftG1AItXCs7ZlWR6SKGgVJafKwblzHUHQ/KgzIMcTxuZAFJBmWXQhSAQdY8fHx1FCv0hxsx0+6tSfZPEXUXEWl7S24lbiRBiQc0bPIMgwZoZe4HeUjNaubbgHn+dasBs5exaMhRTrkOY6zIkncf8AOtA6M8SwgsW1VpFy4JAPK2dyZHMiB4Sekh8tCKS4DKTllnCaMez+AtX+0tuxS6YNpp7u/eBHiKEZat4XFBEZezUk/b+0NNgeVECCnFfZW/bci2jXbYAIdBO/UDWZoCwKmDIYHY6EEeHWtXgePDDpbuW7zC6qAQvukzMN1+FEMZxrC3Lju6W7vaQYC5XS4REq/MT1pdzXKH2p8MxycSuZlLXHMeOseHStVhvaO3ftNhr7Hv7OwkiNRrvPjTsP7H2CjC5iES4XIRg4YCdlZI5cyDTMB7D3srsAwu2mJWQpt3FE7EGVaNRmoOmZbkZ/ivBWtLnDpcQk5Su8DeRyihIrfcOZDZW7mto3eBtOA0nmy9D1U0F4ngkuZXTKq+7KDuE8hvKtOkGspeTOF8Gcmn2LuVgw1gzrTXtsvvKRy1HOuU5MIY24WtW3JPeLg66SDpptsaHGi+EwL3sPCQSjkwTBII5UIIoRGl5OUqUUqYUaK6KbSBrGLOHHcc+Io9wS5Nth0NCsA2W3caAdQPjVzg5jtB5GkY8VklxJqqQ1Ehhi+wq3a4X1YCpuVFdlgAo1V3GuorXfqu2NTcJ9KhPDsNqWzknxpHqRXYdjM1aw2YgAAePSrWJwuVQQ6sJGkUXHD8PyZx61Ybg9opo7ac6MdVML0zKOxmrNo5WUzzBq9d4QusXfiKr38Jl1DK3kdaKmmLsZFxXS8Y5gH40LviGPnRDiTzcU/wAIBqlfEuY12jxqyIS5IwKK8G4BiMUYsWmcTBbZF83Onpv4VtPZP/D4ELdxm24tAxp1c/8A1Hz2r0hXt2lCqFtoIVQICjTQAen970bNR5/wv/CvQNibxn9y0NPLORJ+ArTYX2NwVohbeFDt1aXM+ZmPSjqYuYKhokicrAAjqSNNx5+QNGeEYiZWddDQMUeFez1kBX7PKwJACMygAHUEK2VtRuRNP4twG09p1yHVYnMxIHONdDvqBNELyOn+WQFJJjTQ84nlqTFV7gxDSO6o690yOciNOfWiYyeA4LbCZEtl0nXtZfUAjSRttuTt6Cvj/ZHB3Ae0wttCftW5Uz/TBJ8xJrdcK4f2QJLZnbcwoganKIUHKCTvrrV+7aVhDKCPEVkazw7iX+Ga74e8V3IW4JXQ7ZxEHbed6w/F+AX8KT2tshds695D/UNvWDX0vf4Up9wlT8Rptry28aCY7DZTkuIWUjzUj197U+mm2prGPAcTwO9bsi+65ULZYO4nYx0NC69v437PW3tuf2uRUMW+hWYEHWJ+leM3cHcRlD22UtGUMCM07b1kFrwFby4p1V3R+zbXuawI0hdgau8PxotuBbcBCRLMzAsARmDL1Owp6cexGH0uW/2RhSjKQNPEc6L2HwmLtG0lq2oUQrHRgdzBmTPjU5DxBvF+E2nvq2GvlO0bMEyGEO51AiNJ161awD2iGt4pFtX7ndMHRjyLJ7sHrQ1eH4mO0sNKiQCHh1EwZFWsJw8FVGKtG4gJnswwZY3Ibmeq7aULGpWU8XbVj2T2yCs/sm0YfxW32fyNBcfw7s9UftFEFoBBSdgw5Gjty5ctkI6fpOFY/s3Y95Ryi4NUYePyozh+H27qsbbOWVdEIHaDTVWG1xPGtucfwDbu5MwOIWlt57dtkM6AagMBEk0BbXWtji+AN2bhVyl4yoR9odDtFY+4hUlWBBGhB3Bp4NZFmnizlKuA0qcmMptWr2Ga28Ou3wNFLot37WZbXZug3GzUth2lHBn9m4/iH0qbB3sjT10qLh4YScpiVOo06VO3DrhLtlhaWQ0U7QQXGkkATWo9meD3cY5t2yFCrLOwOUdBpzJP1PKsI7m2YBnzrTm3fW1b7EtnfI57MtmWEDAQOeZ2MbiK53Hc03wdV0sclrjfCMThnNu6hGkgjVWHMqeY+YnUCgpuTzrUWvbu8bZw2OtdpGgdpS4jiQCGiMw8RrrJ1iss9+2rPnRyQZGWBK9SD842mpz0o8x+CmnJt1Kl9+hseNWLF9lBUNoaFPxFfsq3qRUP6xYnRQPWgtKY8paa7DTsO9PPQ0OzgaHaq9y85Xeq6anXenhptZbJS1Y8JDsUveP9zWh9gsLbbFtcuQezTMqnm7EKPgCx+FAbYBcDWrXAeIdliwwEqxNthtKnTTxBgjyjnXWuDifJ7uzjKPhpUIcKSdFJiYnWDpIG55z4ULs4jKAAwYCRvMenLmPSlcvzqPUVrDRcfEANmIWQSQYGfznWNI+1uPIVJb4i4YZTB6kSB6acvLnvQZr3ImPPSq+ICHVwcxgKcxAAG4jqev1pWw0bi3xgFRqJ0noOutWcPxJD9tf6mH1jz0868+GJHM1xsUNiZHn5fgPhW3A2nqK4rpDHkARr86a2KI1IYeBHx1kD515ccVoROkjYg6jnEEbSNuc8qcOItoM7SIiCZJ8TMnnvMbUdxtp6U3EEWGd1RZ5kAnoANz86pX+LJcBREBX+Ib9dI8T8axFrtGM5W8WaRI8zuKM4Gy2YIPegE9BJI366bUbBQWuuqoSRoOQ/CvL+JcZe3euo1pbgkmWbMMg2I/cI0HpW+444toe8C8EKNSC52GhBJ8ABsdRWOu8UsYq4+GZwb5DJnyjvcimadX00J8qWTGggO+OOIPYvabKU3J1kGR3vvoVicHZci3hVa3fXQjNOcRrrt60UxvDkRuzOJa6cwUKUCtb3JltQennVnhXDrVi6ba27r3XHdXs3DKY02HjNBWMwH+qAmRbrfo7xLw2YXE67+/MaVLxrHNbNtVeVAgESDIH2gT72u4rccJ/w7xd2WxV1ERjORlDsB6ER8a0OC/w0sW9VvXc0zJCEfAqdPWm22DckeScFvZgAjBCdXOcRvuQdJ8PnRH9Htq7M4lxqty2xyZxtJ1yePKtR7T/4VXGZruFuJmO6Bck+XeIk+lYi3fvYJTh7iNauFjmdicvhIiIiKEodhjqdMMYa6WKjENehftgTbzEbjLt50PvcPs4xTczBLmYqLoIyuRtnXcE9a5w3HN3hbu22Vyc4ZsiR0Cxp5ii+Au2S3ZhLWTZlIzZoHJtiPEVPKKUmYDinCb2HbJdQjofssOoNKvT8LbBBWyyi2DK28QSQB1S4QZEyI3pUfefgX2o+Tz79Oa2ezvoHHI0W4ffF/wDZ27YRBqdN6s4Lhq6tcAJ5A6irxUDkB5aVN6qTwVWk2slTsTmC9muQR605lmQYywRFJ8Xl0zAVQOKBuEawOYrZYXtQAxVoq5X+4rb2PbC0AttVvIoRwGHZhkYkNbErEoGzBmkSre6N6y2JOdmaIMfGKHkUU2sCuKeTW8StNdzG8czHvKx96SJGvMHQ+tU/Zuwr5xcYCEYBSNTPj6GpsDxgNYS2471sFZ6oNV+AMelUHv8AZvIEhlDeEN+f0o3TBXQIuYYB2AggEinLheewq5isOFIcDuv/ALhv91MnSs+QrghZBEV1LI3ialyTt0o5g+Ds1vMCAekcqVunkVrwAnw/Z9/aQSK77Pezt3EnPPZ2ge9cPI7iANSfGiXEhbC5G7+U667kfZH30V9mMcbi3CwAykKqiQEVQDHhJPKSSNeVXUqRGrZpuHNbPduMUuK0doBmW5JgF0ERM/Z01GlHjw7tFhBbuHk1t8rR/wC2YA0/hNZSziGzxlyrpBBGxMa6+W/nrRgWiGcBhlEZPemNtTsTI5UL8hrwS3+Fuu6Xl6SMw+OQD50IxnBla521y+wcEkZkWBExCZxGUwQogaURHFsRaA/aMBtA2LdAJ2mfhUt32pv5RmysNDDoDB3nbes9rGTkiimFBAIZWnnDD/7VaThsd7MumszMQeheOXzqX/ri+CBCfAfSk3t5e6W/79K1oXPgfgeBB2NyXckAe6sePuiDG086K2eAkbWt9NJHx2oF/wBZ4phClR5LP3RU365xbrOa5qNwGAmiklhGbk8s0J4YyKTktpGssw+pk/OkbKBgxuljtFuNZI0ztpBPIVn0wuKeGLNDc5ERE6xtI69RXLPDrlxhldCTmhRLEkbaj3T/ADQPGtYtDeP3Wcm2La21JykhibhUe9+139BEEc96yHGvZtwqPhsq9lKrKjNETEgmYBHjXoWM9m3RAxuBrh01MKByCk/iPSqPCRZe5kvEZSPdGaAOQPeI1kazrsPHO7GVUZj2Q4L27fpGIuCywDW2ZcpN4qAQxBBAInU88p9Ntxfi6LbTEWimeR2jRrOTKSeemVY/moPjkttbYWF79h2FtUBJNtFUSyDUIUIWf3lU7NWYw/GlvnEI63u0a0xWQhQskEEkzrodAOnShGTTqv7GlFSV2adPbu2LhNpO0uHncuQI/hUTp6mljf8AEjEW3ynD220kQWAYeBJ3ryZMZZYk9m4J+0p1nyPOjOBxiZBb7cMcwJF1fscx0mtKUgRhE9Asf4r23BR7Jtv/ADHT0gH1E0B43xlMRJuKjKdZGukaEaTI0oLfwqMSGtMonusoDofHwqticBcsgk6oTz9xjvvyPj8Z5aOr0wS0u0Csdw5AxKtGbYgSPUcjRPDW0FvMlvPmGVhbuZgANc2uqmelU2AyEoJWdQfetk/dzn5xQu4Ch0XK0946gxyI6UWryjJ1yH7HGXQspfQRGacw30JBHzrtCLONuf8A87n8wEj1ME0qTavBTcwxe48o0RS30obiOJ3bmgOUdBRHCezN5oLgIvjv8KP4PgOHt+9Lnx2pfpjwM98uWYRtNSSTyOtaLgWDLW7naKVzRlY/hWtTs8uVbduPKoLjW4jYnkNqDlYFCgFZ4daWMwJPjzqjxDgcHPbEoeXMflRB8UFco+sbeVdXEie6x8qVqwxbjwZzG4VrSZoiSB6EH7qKXMCHtW+RFpfoD99EuNYK7dwrt2TBQJDHqNh6nT1qThWF7W4VzhURFBJ2nLoPWhtbjV5HUluuseAAbBay5IPcgj5g/L6VUs2WaAoJnaK2eGwyRcswN2mOfL6VT9n7i20NsgZkYqTzIMMPk0elZydfdC2rxwQcO4I695lk7xU/EeIsgA0UkctCF2+JOg9elG1xAIMkePlWWsKLt5rtzae6vgNF9I18yaMZ2qaJODbuxmG4fmhm1MaDSFnw60V4Phhbt5CFCzJiZMkyW6Tt8IirV3CplUIMsanWZqI4Z+ZHhuZ8hVIyTxYMromQQBGmgMwJ5DffYA9Nqt8P4mV7rMI1mCpIE8ttfAjlVhfZ689tWywCMw1UA9I67UK4Twm7cBuIrHKSpYaCVMfdQch0gwmKtq+iuxO3aqRmnmoLMsTpuB3tBT7d6w322E9cumpO2gG3WgN6zIO43AgSZ1gZdNJPL4cqiUeJy+Anodv73PUGspDOJphh8OxIWM4+0qM0iNyoaDHOPGkcDbMS0RoALboZGpPvQykCBoQJrONaGhTDgPpma2S2aNAzSzIR1CgAmQaiS7pK5wZIEkxAiAFJMajQk+giK1oFM12Hv4ckoEuTOm5LjyC6R/ZolhsLcZGFu2ACdMzpl56EAs3TlyrDW3giDrtGUiAQdhr08tOREVYD7ZWI1O32pJ9SRrzO4plNCuDN9b4ZcgC4+n7q6qNz3WIldNx4VaxXEbWFUQqs57qjMo13AJJkHzrzgcRvKw/asV2ILEhht1jl4VM9ssuYOcoktlUGI2mW1UncQY3jej7i6F9vyW/aH2pc5WuFhaYkEqwhD9nMBMrO86dRqKWDxT5HWGGZRuGJiQx7k6kgbnqJncD3t9qrW599SCNB4HvMYB5ARy51lsfgsSjCRcUIMqiCBlEwYGkxpPOKykuwtUGuK4tsKwZc3a3FuIwEQLbAqq+DRlJHn5kZwq+HuW7iiCHAdDynQkHpqZoPj8VdfS4zOB7sse74A+dO4MXVhmEZ1LKQftIZB8wJ+NEw7ittrdy4htqwDnpMbg6aiQRVFLlkkyLiToQDI18/xrd+0PDreKUBYXEICFMgdpzCMfXuty8jp5y1xxoTqeRAP1rUCwmiZWmxfK6e6WK68/A1LhuJumly3buZZ3EHXfvA61RtXAgg21JI10j4a1NhrIaHDG2SeTbflQa8hT8F9Mbh2/y0e3cOkE5kIPKd48xzq3jLS3bYaP2gEa8wORPUbTzB661QxOJFt+zuBbh0gwM2u2qjWrWEfNLrKqTGVvsv+e/qelLdDlX9V2mAIzwdcpI0P96bUqs2r+J2suAomUbLCtOsZgfl1rtDdLyg1HwaTE8YncGh9/iC7gxQa/efnQ69caOdBRM5Ba/xsrKg771R/Wtxj3aFEEmTRbCMkCfhSzltWAwW55LWEtvcbvc9K9C4ThbOHtibYZyJzVj8PjrYAA086O4fia5O9BWN9q4X6mcXlHcvTwksMn4pxi5dt3bYIS2FJCxqxXvAfECgPBJAun7TMhHiQBpH97UeN6ww1HkfzrHNxQWbgVC2dTBMke77pUgN57VXS1Xq2iepprTaZq2wzC72hRraxBDSSazGMuJ27NbYnN3XWDoUmDPlAq7ivaq64i4rtHul2aASNTqqzVj2Ywlu7iV/SIKGQQpy7qSusgk7fGKpve4j7arJRa8ezbXQjLv1/KT6UMu8RS0ds7DTKDCg+LbnyHTet77VW8JhEuJYH7R+zUEkErGZzBieSbzWJIsi2Tci45ByKTOQzpcY76n7HOdY0mm6nTX5FjFM5b9rL5923bJOg7pPgBE6+s7UWt8axbL+3uSpg9mqqiiPAKAT51lcArZmdh3gSNvdjfwFXrnECCYYx51LVcv2xLwjDlhx+IagywOkem2o00qbiPEs8/ZmDA93MZLEDlJ1NZdcZmdAxIQsMxESFnX1iplxABJP/MVD25Jc8lltbCC3rjmLalj4LNXk4ditCyrbHW4VWdQdSxB5ChVvieJdSLZZEAkxCCOe2p0Bqi73FOa5bLdQWCz5nU1XT03whNRxiraDXEbrWxCXEdjytsWC9SzLoPLUmqz42571w5jACAk5tBJJJPdUbx4VUfiVzLkt21QMNlUk6/xMPoKoXrTKveY57hiNyqzrPieldKgl2ckpN9BCx7SFW0XTly08gI9NK1/AMXbxK5bndYgwR1WJ/wBwrzmwFaRI0MeMcz0ozwLiAT9mI1OZD9kPsAf4WBifKtsTdG3Ogt7QWGs3Mh1BGYMDv4eBrmDchkJYhIIMQZU6MI21BNc9qeIT2TgZSoKvrzPKNzBof+lZgD8q59RODwW06mgji8UrXGMQNAFGwVRCj0FMuY18pW27J0gz8joaDYnFAFcuszm+P4R8KfbxYOtRcZr6rKKMHgqYjH3gzLcyseRKiD6irfBsSr9xgFKnMvSYhh1ErNSYkIyfxDUUFtXO8GG2+nIz+Ndmlqbl4IT01Fmqw2NDZLkiR3T4wNPisfCs7i8MouMrDQORpvlDfhU3CXOV1/iEDz00+dHXxWe2V7MM+XutA6czzMg1ZypHO0AsMMMQxuO4XNA0BKjl3efoaeLTBiti5pyLADOp5gHf0q7w/hIuJmuotpp2XdvGNhRLD8BFsk2sQyyIhgCPQfhQc0AEYG++EBd7Vt2DEFykkD+bUehp+KsZQzIyvnZXASe6XBGo67bdKI2uHXrasvcu5wZOYgkn+A6H5Gh+GRkzD3ToWndAAymNdTqI8WpsPgyZSxiOSVtqWeZYATEjwB5nfxpUS7Y2zIgZgJBAPWPePKDSrYDkjuYUDZp86hOCHWTREKwjY+B1NcdFPIA/3zqeR6BV3CxoBUFvAZmAYx1J6UeCADUH4yK6tlWJ09ATPzFazUA3wusIPU7murhGMAs3gJNaQYUGIEHnp99OXhrbATS4GyZ+3w5j9tviah4pwllRbm4Jyk9DuPjr8K2H6G6jXQD5fCuXsNmQ2290jw+PnS34DXkx+BxRP7NzPJSdwelFUtwsHyNB8dw5kcq3mD1ojw3H5oVtHiNdmjT41za0e4/2dGlLplXiLhXEnQgCddB5bxU9iwpdc4DKILFe8AP3pE6c58DS4pYkjT7DaeU/iKz7synumI1/GqaUd8VRpvbJ2a32y4vZQnB4Rf2aN37sgtdaAdwPdE1k7dtnMAEz0+6ktxHPeJVtp3H40QwNxrYJSCdsw5D7jXROTSwsg0dNN5eAxgOHqlpke4Va5oLYMweTMvw8hUi8BuKIUZjzRgRl15Ntyqtgcfat94qWfq3I+A++iP8A1deEhGCzGsDXTxrzpvW3fT/09XbpKK4+SnxLFLbR1u2spZcqAjukSCQGB0AjxPxqngeNpbghGX+W4SD5KSPnNXeK+0N29bIxCq4XvCVAIO0yIPOKC4fFYVj38OfMEyfSYru9LGo5wzy/WycpK/AWPEbNzVlv947KyD7tBV438PZtW7qWszDuqWYPcQ9csBAw8QeVCksYF/8At3U/q+7Kaf8Aq/AfvXRHRh/4xXTa+xxbX4YKv4W0xZu0ZJkwUJOsTqD/AHO1VFsKrCLqZfHMPkVB+taYYPhwH+Xef+vf0yVwrg9reGyzAlnafjmiP6aDarLGjB3hAW6wuEEZrrLpmCtqBtykx1/CjVjgOKdcxQWkAiTmzkeUT66fdV5OMmyMqW0UjmO8T/U2w8oqNvai6BrcLZgTBmRyiZiOfWuLVnP+Kv8ALPQ0tJfyaX4BWLwHZEK4kMJBA5cjVF8N+6d9jyP9+NE34m7Ah4cfxaz69aHvlHeGg6Hl/V+VbTcuymrpwr6X/pE2OZQVI1iKfw7CZ2A9wASx6zsBPM9KqYjEKzSdTpoNtPmaI+z9g3b62vtXFcJ/OBnUAeJSPNq6Yw6WLOCb7b4K7WwhKg5hsCp3J6HnE77Tt1Pb+Nuwu4YAgkc9ZBjrqaM4PhIe6HBjKXkHxJI+BLA/00SxHCZGisfJGP0FG6dHPPLwZOxxm6u8nxOlWU489FX9m7jfYYDlpH+6K7h/ZGO9caF6LqzHoI+6adKJKpEeEx9x1LS0bfzE7Ko6nwp72lW52ejMBLtyUic+vgO5PhNE+JWv0JVlYxDCLFkataDfbYf+oeQ5ee2av3ezU2plz/mtyGs5AeeurHmdOVNVIJpMJjFywwnntpXayyXx+9HqaVLRqZpRhj/6h1/eEz6ipEwu+Yxr0kH13FXCpGiwwPgSfjSRzscu+3P5VJ0zoTZUXDROU77xHpoa4cMSZlSfh8xREOSI1jpuKVpVUn3FOzRA5/CtkNlA4d1PeLL6E/MU8ITMAeJkho85opbtkkAFiCdyAR8RUj2BoGCk9CYJM/WkckFWDxcuIwBOfSdTGnmN/WnW8ZpqkGd9CN6nu2vtMCNMskfKfxqhcAA0236afzbUVQKLeIwtvEqVORTuGgrB5zPKs1j/AGee2+Tus0yCpBB0+OvQ0Zw2Kthoe27jzGXr76k/MCkmPY96AUUgDMill6agz02mhPTbVxdMMNSuUR4DgFw2ldiSGDo065DcDJbOusZwAfMViMUokHb6z91ev8K4sbci4M9tgQyxB1nqNdzvrrXnPtjg0TEubU9m5zpO+oGcHxDE+hFQ9PDUjbn5KympSpGVdanwj5SSNKaVrqJ9a7G7VGgmnaLC4p53nz/HenriCd0Q+hH0NT4fCc2V/QU+6yj3TPmoqDkrpI7o6bq2yrc4gglTbIHg5j4MGrv6xtxBDjyK/cBVDGDvHrp9KrTV1pxas4dTVlGTVhc4231cf0ry/qpv6Vb/AHn/ANK/+VCgtOy0fbiJ7snygqvEEEQX08APvpp4ovIH5ChmWrNiwSddBz0rOMUgx3ydIs3MeW1yk+Zri4lzqFUemtWS6KNBrEeAqs5kzUk0+jrek49kNzEXOp9KjJJ3OvjVmagayxIgdKomjn1ItdkYYL7vxojwdnS4l1TDI6un8yEMD8RVFMPB11rQcHwpuXAo25+VFtHPWD0U4MYu722GRUt3UzEtIC3FID6xCmZ6yAYAjXX4f2eIQBsk9c9wj6isSuESFDq0BcqgsQhAkg5QQAZLGeZbeudmDoEzgchcuwI307WmjJdoi4vo2dzhdm33rl60gHRUBj+a4zfdQjFcVs2wWwVoXbpkC/cns0PXO3vnT3bYobgzZI/y1RuTBZaZ5M8kfGpXwqt32uOSeZ+8HlWc10gKHkzw4fDtcZjdvXJz3mBGh3CCe4PHc+A0qtd4IjaZTP8ACZ+RrVfq9tIyOOR2Ovy+dRvYZdOzK789PiJFI2yqUeDGXPZteseYg/KlUftFx0K8KSFBjeZPPmNK7TKxXtLqXIgJmkkyJIGg6TpO1WrDyYO6jvEbgnbb601UtsJaUG0RMHrpv+dMUgmEuK45EGY8wQDOvjUrTwVLc24JYOehXX46irVrG2xp3DoPeBDA+Cnf4ig97FKndJ1iRPdU/wBWWM2nLrUP6Y23eAgA5zEHb3l01oONqmZNdGgXHqkFT3gRIRRrPJrctO4O9MfFsCCXKKGkGMwI1PutlA+JoG+JYyWldN2AI6CG1AquX0kkk8xm29RFLHT7GcjSY7HBpm4J96AzqJGs5HDKeWgoQzudQoURy01/pIHjtVF8RzPLT/iqj4lp3I8P79KN7Vg22+S5dvEHUS3UgfUa1RvYwx9k/wB9OvrVhEJAJkeo1/GuMqAQSpifM1F+oadUUWgn2URxG5smdfU6+hqrjcdcIAcZgDOvL1/Krly8okIFk6SCZ+dVgs7ljt0mqLVb5QPbS4eQXcUzPI1awsEQRruKv3LS6A+6ar3cEyAMNVPTcR16Gt7ikqLwW1k1u2w91p8A0MPQ7+k1xRr3gR5imWyG0Jj+bb8qsXsA4EnOAdmBkfEffU20nk7oW1aVgXiIi40eFI4Ym4QFkZhy5HX76Mdmp1JXNp3iNwPKrC225Nry1MfTQVT36SRz/pN0m3eXeMgE4B5IC6SY22ro4e3OB8fwrR28Fcb7QXyCH6108NfSWkc+6n51P9T90U/RxXT+DPrglHvM3ov51ZS0g0Gf/T+dEDw+5yb/AGj6VBfwTgHNHxYxHQHSt7ql2UWk4K1F/BVvqgE5vQ/81BMnQH4VK6r0H9+NRG4Bz9BVI8ENRtviibsNSCfLLr99RPcVQADrEeXWTUNy+xETA6U7D4Zm8AKZKlcmc82uhitLQNTWw9n2FofxEakcugnpoJFA7eGVANe8d9dR+dNOKZSIY6VlNN0jmnBpHpGExSR3rebSCSSSfDWiOGezvkUeYBrB8Nx+ozknTTU9a0VnFoY70SY1H5+X4VQjQfTs+8FT3uYQ/MgUmw4iGKmRCyDp0O5J6mhVm4BMOCT3RygfPrpVovEE3BA0MnQD5TWBVF5sCR7uXYRqQOWmx8Sdaz/tfxj9GtdmH71wGeeVOep6+6NufSpb/HCJyEgAasQBmA5xsPOK8r49xQ3XY9ec6xVIxyCWFkpsLl9yEUsQCYGsCfxPzpVqvZfCdlbz653AJ3EL9kff/wAV2n3CUBcL7U3VjtFW4PHut/qA+6iK+0WHfS4jKDvIDD4jX5GseCK7FZwiZTlXJvhZtsobD3FYRGVCPnbYAkeVRWmNsyykGCDAIBP8pP3TWIUkGRIPUUQw3G76CM+deav3h89fnS7B1qI16YoHuyvl+XSmHDjWAPEg/DfQb8qD2vaGy4i9YIOmts6f6G9OdEMJesPIt4jKSdnZlk8t+W2k1OmuSikmWFszpB8fOmNaI5c431qdsK9shhbAme9q8gH+YiBPzqJ8o1zanVoHMxPhS7bH3URCwdxpv1+tVLlvr8DGv31fS2NCr+GhMfdUWJtsddfHQfM0PbQN4JxCaQP+agsPG51mrbWjtpB1HPz2GlVblsig41gaMuwklwERoaawZZKmRtG9DBcI2j1/CrFvGsNx6ipPTa4LrUT5CNu7ZfS4kH95Zn1H5UZwHs+X/wDxcUNeQcaeYlW/+BrOl1YSYHn1qO4Cuu4+MffU3CTwnX5yUjqOOUzU4j2UxyySlu546L8yF+tUjwbFpr+iP5oc341RwfGsQg/Z4hwOgdv9pJFEV9sMYPedX/nRG+cA1Fx1lj6X8oovUzWbIuyxK74a8P6G/CuC9iRtYu/6Gq/b9uMTztWjt9gjb+Vq4fbK6f8As2f9L/8AnS7Z9wXyVXrNTyDS+KO2Hu/6G/Cob2Gxbb2XX+aF+sUQve0txjJsWJG0pO/8zGqVzjt+IQW7Y55ERPoJqkVLqKQs/Vaj5kwaeE3ie8FX1n6U5eED7d1fJR/f0pt7F3Dqzk+BNVzf858D+NdUXOv8OOUrfJK4tKe4rNH2iDHwgfSnWMdDd1gsDnofRYqkcUR4muli+6z5GncL5Jb64LjuXYxt15U+3hBIB08zEj+/pUOHwQ3h0PUT/wAUTw+GvAyrrc8GUCf6ht8KaMEic5tl/AYDbvqPjv8ACjmGwlzTUkDXQn1I2FVOHYkHu3LJUjfLlIjz3mrmeRAEL03nzPOqJEhzyCdTPPb/AI+HSoLF+zcco10hwQAApYFpiO7r/wAc67ccgEjWAT8BXmGGxJVi5kkgnfckzr4TBpqoxt/anEm2nZhlOYSWH7skAaxqSNqynAOHm/eAI7o7z+Q2HqdPKaXEndwikl3uAMY8dgB0A+p869E9meEW7OHUbl4d2WJaRoNe8FjYgdTzovCFT3Oi3hcRAypYt6bnKTtvqSeo8q7T8Pw5SJDuFJOXXLoDGqzAPkBSqeCls8g/Vv8AF8vzpfq3+L5fnSpV0HMdGAP7/wAvzp4wJ2z6TO350qVYJ39Wfx//AB/Omnhv8fy/OlSoBLWG7W2O5eYCduX1orb4q5gOFaNzEH0M6fOuUqRjRkw9bwqtbW4Rq228r6zr6iobmEIJGfSOnX1rlKl7KFZsLOhb5eNRXuFKdz8vzpUqASjiOHwfe+X51Tu4D+L5bfOlSrJGbOLh2H29vDX4zpUyo67OP9P50qVaUUFSZaw6T0HpVhcNA3Hw/Ou0q5JJWdUG6HHDTz+X51GcMf3vl+dKlQpDWMbCxzGvOPzqtdsMonMD/T+cfKlSqkESk8HEslpkjTw/Ol+rp+18vzpUqahLwcThqzEnWrNnhqgjXXeQIpUqsyIawmBgxmnnt09aILh/L4a79ZpUqVfuHf7SW1bkHwJHw061MmEkCGj0Bnw1pUqoiZzEqQyoDEwJjrI29K8+4xw9Vv3ESFUPAETHXnzOsUqVGPIs+B/DGFsdoyLcbkWnugfuwdD41qPZjCvi+1Bu9jbXIWS0uUuX01uElthHj4UqVFgNJiOEYZUSLIgAKBmOg1/Cu0qVIE//2Q=="
Чай черный,,55,,Горячие напитки,https://dachatea.ru/system/uploads/blog/file/81/1.jpg,
Жасминовый чай,,55,,Горячие напитки,https://www.rusteaco.ru/upload/medialibrary/4ec/4ece97c13b4e552f270aee345ec4ca1d.png,
Чай с бергамотом ,,150,,Горячие напитки,https://ont.by/static/article/big/index/Oh2A6NsE6L1rQoCW.jpg,
Чай с мятой,,100,,Горячие напитки,https://dvelinii.com/upload/iblock/df8/df8ba5775fb4e03d07187221cb9102a6.jpg,
Марокканский чай,,190,,Горячие напитки,https://www.maggi.ru/data/images/recept/img640x500/recept_6752_mo3z.jpg,
Ягодный чай,,240,,Горячие напитки,https://cdn.lifehacker.ru/wp-content/uploads/2019/12/shutterstock_294681614_1579264997-e1579265029512-1280x640.jpg,
Чай с молоком ,,150,,Горячие напитки,https://static.1000.menu/img/content/38395/chai-s-molokom_1567196540_6_max.jpg,
"Имбирный с
Малиной",,190,,Горячие напитки,https://static.tildacdn.com/tild6632-6134-4265-a236-323366353061/Tea-3.jpg,
"Черная смородина с
Мандарином ",,170,,Горячие напитки,https://vilkin.pro/wp-content/uploads/2018/08/kompot-iz-chernoi-smorodini-s-apelsinom-770x513.jpg,
"Апельсин с
Тимьяном ",,170,,Горячие напитки,https://morkva.info/wp-content/uploads/2019/04/thyme_orangeade_web-595x394.jpg,
Мэй гуй че ,,160,,Горячие напитки,https://www.tea-terra.ru/wp-content/uploads/2014/12/2014_12_01_04_002.jpg,
Молочный улун ,,150,,Горячие напитки,https://tea.ru/upload/blog/0920/06/01.jpeg,
Клюква с медом ,,190,,Горячие напитки,https://kivahan.ru/wp-content/uploads/2017/01/kofe-345.jpg,
"Облепиха с
Грушей ",,240,,Горячие напитки,https://www.gastronom.ru/binfiles/images/20150114/b9b8d872.jpg,
Смородина с медом ,,160,,Горячие напитки,https://vpuzo.com/uploads/picture/800/0/2019-12/1576611116_img_7760jj.jpg,
Согревающий ,,260,,Горячие напитки,https://mlife.by/upload/iblock/e90/e90ee79c7be7568575dda70ba007d1bb.jpg,
Кола,,120,1000,Холдные,https://neman.kg/images/watermarked/detailed/34/napitok-sierra-coca-cola-1-l-gazirovannyj-121-1.webp,
Фанта,,120,1000,Холдные,https://sierra.madanur.com/wp-content/uploads/2020/08/Fanta-1L.jpeg,
Спрайт,,120,1000,Холдные,https://arbuz.kz/image/s3/arbuz-kz-products/20797-napitok_sprite_1_l.jpg?w=1100&h=1100&_c=1686818566,
Компот,,80,1000,Холдные,https://klopotenko.com/wp-content/uploads/2021/07/kompot-iz-chereshni_siteweb.jpg?v=1626355444,
Вода с газом,,40,1000,Холдные,https://www.senegskaya.ru/upload/medialibrary/663/6639447f16503569648ad733590451f1.jpg,
Вода без газом,,40,1000,Холдные,https://www.senegskaya.ru/upload/medialibrary/663/6639447f16503569648ad733590451f1.jpg,
Сок,,150,1000,Холдные,https://neman.kg/images/detailed/42/0eac80f2b3_500.jpg,
Ризотто,,70,,Гарниры,https://www.vsegdavkusno.ru/assets/images/recipes/2863/rizotto-s-kuricey4.jpg,
Рис,,60,,Гарниры,https://st.bork.ru/recipes/salaty-garniry-i-zakuski/ris/1.jpg,
Фри ,,80,,Гарниры,https://e1.edimdoma.ru/data/recipes/0014/9279/149279-ed4_wide.jpg?1647266168,
Овощи гриль,,100,,Гарниры,https://www.gastronom.ru/binfiles/images/20180425/b7d6c53f.jpg,
Крокеты,,100,,Гарниры,https://img1.russianfood.com/dycontent/images_upl/274/big_273602.jpg,
Ассорти шашлык,,2200,1900,Шашлыки,https://back.xochu-shashlik.ru/wp-content/uploads/2021/04/assorti-iz-shashlyikov-na-5-person-4-1-scaled-2-600x400.jpg,
Баранина филе,,350,,Шашлыки,https://i.ytimg.com/vi/4CTinB38m38/maxresdefault.jpg,
Бараньи ребра,,350,,Шашлыки,https://www.gastronom.ru/binfiles/images/20150708/bfedaf1b.jpg,
Говядина филе,,350,,Шашлыки,https://encrypted-tbn0.gstatic.com/images?q=tbn:ANd9GcQt3IbAxHAN3jAz-dfGOirLPZixUi-ShEVptQ&usqp=CAU,
Кавказский с овощами,,320,,Шашлыки,https://2recepta.com/recept/salat-tbilisi-s-govyadinoj-i-fasolyu/salat-tbilisi-s-govyadinoj-i-fasolyu.jpg,
Люля кебаб,,310,,Шашлыки,https://img1.russianfood.com/dycontent/images_upl/517/big_516241.jpg,
Куриные крылья,,310,,Шашлыки,https://e0.edimdoma.ru/data/posts/0002/2909/22909-ed4_wide.jpg?1631190287,
Куриные голени,,310,,Шашлыки,https://steprecept.ru/wp-content/uploads/2020/11/%D0%B3%D0%BE%D0%BB%D0%B5%D0%BD%D1%8C-min-600x400.jpg,
Рыба форель с овощами,,340,,Шашлыки,https://www.maggi.ru/data/images/recept/img640x500/recept_10208_tmlj.jpg,
Картошка в тандыре,,160,,Шашлыки,https://www.gotovimnaogne.ru/upload/iblock/a99/a9914c1c7a0706a7800808b7f1de6718.jpg,
Хлебная корзина 10-12 чел.,,1200,,Мучные,https://encrypted-tbn0.gstatic.com/images?q=tbn:ANd9GcTuf27ltpWshZMgwhPnJU4_rYhbe9NIaN34mDt2K98eGMqv3YNq,
Пирамида,,310,,Мучные,https://encrypted-tbn3.gstatic.com/images?q=tbn:ANd9GcSVEfKLnnIRw7rK7pdLTGFgbtgewddMqsHr5Zt1hZu3Vaki5WDy,
Боорсок,,310,,Мучные,https://encrypted-tbn3.gstatic.com/images?q=tbn:ANd9GcS3Uwbmtiv92p3cFcBVuIlBL_10TqdY9-qTgOp6e9-2YHghVI7C,
Самсы,,,,Мучные,https://encrypted-tbn2.gstatic.com/images?q=tbn:ANd9GcSI-OQW8KkOv3Tdynzb_Mqm3Bc3GTFNvgPBP6xdrvryHeKwQ27WC6SQqjGKHgHwhqnp3QU,
Казан кебаб,,13800,15000-17000,Блюда из баранины на заказ,https://i.ytimg.com/vi/J3J099pF55g/maxresdefault.jpg,
Казан кебаб,,14800,18000-19000,Блюда из баранины на заказ,https://i.ytimg.com/vi/J3J099pF55g/maxresdefault.jpg,
Казан кебаб,,15800,20000-22000,Блюда из баранины на заказ,https://i.ytimg.com/vi/J3J099pF55g/maxresdefault.jpg,
Баранина в тандыре,,13800,15000-16000,Блюда из баранины на заказ,https://tandyr-shop.ru/upload/cache/8d0b00f3699a079fc624623dc3306a1d_692x384x0.jpg,
Баранина в тандыре,,14800,17000-18000,Блюда из баранины на заказ,https://tandyr-shop.ru/upload/cache/8d0b00f3699a079fc624623dc3306a1d_692x384x0.jpg,
Баранина по-арабски,,16000,18000-20000,Блюда из баранины на заказ,https://img.iamcook.ru/old/upl/recipes/misc/mobile/fa2d38a992e298fc0a9b5b0d80aec6c8.jpg,
Тандыр кебаб,,13800,15000-17000,Блюда из баранины на заказ,https://recept.fun/wp-content/uploads/2020/04/tandir-kebab-iz-togo-chto-est-pod-rukoi.jpg,
Тандыр кебаб,,14800,18000-19000,Блюда из баранины на заказ,https://recept.fun/wp-content/uploads/2020/04/tandir-kebab-iz-togo-chto-est-pod-rukoi.jpg,
Тандыр кебаб,,15800,20000-21000,Блюда из баранины на заказ,https://recept.fun/wp-content/uploads/2020/04/tandir-kebab-iz-togo-chto-est-pod-rukoi.jpg,